timing_dir,family,optimizer,standalone_h,sharded_h,ratio_total,standalone_bt_ms,sharded_bt_ms,ratio_batch,nproc_parent,run_id
toy_1d_scan_timing,second:Shampoo,Shampoo,0.009454102600834126,0.038964047230288595,4.121390350349153,4.766628402694405,19.486168370814248,4.088040166881776,6,std_bs32_mlp_width16_lr0.1_optimShampoo_mseed1002_lseed1000
toy_1d_scan_timing,first:Muon,Muon,0.008506407181654746,0.018453449410024202,2.1693588157667367,4.197836552669232,6.6066685624007055,1.573827012916879,6,std_bs32_mlp_width16_lr0.001_optimMuon_mseed1003_lseed1000
toy_1d_scan_timing,LBFGS,LBFGS,0.025782935988584842,0.07939789940247365,3.0794747129507027,13.621851939115876,41.51451091115443,3.04764073906451,6,std_bs32_mlp_width16_lr0.5_optimLBFGS_mi3_hs5_lsstrong_wolfe_mseed1001_lseed1000
toy_1d_scan_timing,first:RMSprop,RMSprop,0.009240499463048764,0.013740984176401981,1.4870391185400653,3.843882873940011,3.783190004622784,0.9842105310417494,6,std_bs32_mlp_width16_lr0.001_optimRMSprop_mseed1002_lseed1000
toy_1d_scan_timing,second:Shampoo,Shampoo,0.010164764483924955,0.06121988771328082,6.022755156806326,5.143463887503376,30.512194055134056,5.932226748838825,6,std_bs32_mlp_width16_lr0.1_optimShampoo_mseed1000_lseed1000
toy_1d_scan_timing,second:Shampoo,Shampoo,0.009398707939738718,0.03893219900472711,4.142292669837915,4.7523950043985375,19.464960427933967,4.0958212459019805,6,std_bs32_mlp_width16_lr0.1_optimShampoo_mseed1004_lseed1000
toy_1d_scan_timing,second:SOAP,SOAP,0.009916799061142633,0.020235108485277226,2.040487899423637,4.97848151345401,7.653362594155101,1.537288543398706,6,std_bs32_mlp_width16_lr0.001_optimSOAP_mseed1000_lseed1000
toy_1d_scan_timing,first:Muon,Muon,0.008505589672519515,0.016902516900833386,1.9872245842570189,4.196226345851255,5.937112866976736,1.414869546502578,6,std_bs32_mlp_width16_lr0.001_optimMuon_mseed1002_lseed1000
toy_1d_scan_timing,first:PolyakSGD,PolyakSGD,0.009330467126953105,0.010486443138345042,1.1238926192722598,4.054840657221802,3.991437288255582,0.9843635362456732,6,std_bs32_mlp_width16_optimPolyakSGD_fstar0.0_maxlr1.0_eps1e-08_mseed1004_lseed1000
toy_1d_scan_timing,LBFGS,LBFGS,0.026152374973624118,0.07918876939556665,3.0279762153698164,13.828716604314305,41.36403933585511,2.9911697896065275,6,std_bs32_mlp_width16_lr0.5_optimLBFGS_mi3_hs5_lsstrong_wolfe_mseed1000_lseed1000
toy_1d_scan_timing,first:SGD,SGD,0.008577668739469826,0.013684254167472116,1.59533488446628,3.4559224589769477,3.854693768965527,1.1153878059250864,6,std_bs32_mlp_width16_lr0.1_optimSGD_mseed1002_lseed1000
toy_1d_scan_timing,first:RMSprop,RMSprop,0.009392142697211562,0.013605328204187875,1.4485861898400636,3.91251455301407,3.801196581310631,0.9715482280781083,6,std_bs32_mlp_width16_lr0.001_optimRMSprop_mseed1000_lseed1000
toy_1d_scan_timing,first:AdamW,AdamW,0.009268689241402575,,,,,,6,std_bs32_mlp_width16_lr0.01_optimAdamW_mseed1003_lseed1000
toy_1d_scan_timing,second:KFAC,KFAC,0.021423242078874156,0.06481389376697028,3.0254008020048664,11.15766009234023,33.253628836339196,2.980340731043413,6,std_bs32_mlp_width16_lr0.001_optimKFAC_mseed1001_lseed1000
toy_1d_scan_timing,first:RMSprop,RMSprop,0.009236361031653359,0.013656283005580513,1.4785349943316328,3.8409742687757427,3.771436078914295,0.9818956897402982,6,std_bs32_mlp_width16_lr0.001_optimRMSprop_mseed1001_lseed1000
toy_1d_scan_timing,first:AdamW,AdamW,0.009451169806416146,,,,,,6,std_bs32_mlp_width16_lr0.01_optimAdamW_mseed1000_lseed1000
toy_1d_scan_timing,second:SOAP,SOAP,0.008777606152192068,0.01852537148832602,2.1105266250411114,4.38053133494307,6.591824836100633,1.5048002929503759,6,std_bs32_mlp_width16_lr0.001_optimSOAP_mseed1002_lseed1000
toy_1d_scan_timing,first:PolyakSGD,PolyakSGD,0.009322385991949381,0.015497193389455788,1.662363412418113,4.051963298599393,4.58619892262458,1.1318461162295945,6,std_bs32_mlp_width16_optimPolyakSGD_fstar0.0_maxlr1.0_eps1e-08_mseed1001_lseed1000
toy_1d_scan_timing,first:AdamW,AdamW,0.009393771234123657,,,,,,6,std_bs32_mlp_width16_lr0.01_optimAdamW_mseed1001_lseed1000
toy_1d_scan_timing,second:KFAC,KFAC,0.02132272010416879,0.043501937535280984,2.04016829573146,11.081602755032431,22.482580649473082,2.0288203021231004,6,std_bs32_mlp_width16_lr0.001_optimKFAC_mseed1003_lseed1000
toy_1d_scan_timing,HIG,HIG,0.02228062227918094,0.05565974579225036,2.498123485727728,11.115089763876812,26.94151496154646,2.4238684107711226,6,hig_bs32_mlp_width16_lr0.1_tau0.0001_mseed1000_lseed1000
toy_1d_scan_timing,second:KFAC,KFAC,0.02143364190466754,0.04347752584946445,2.028471224948313,11.166089915628797,22.475551621141896,2.012839927939648,6,std_bs32_mlp_width16_lr0.001_optimKFAC_mseed1002_lseed1000
toy_1d_scan_timing,HIG,HIG,0.02172820651444555,0.057916386317228896,2.6654931818106746,10.829629789898025,28.382263831108418,2.6207972370009958,6,hig_bs32_mlp_width16_lr0.1_tau0.0001_mseed1003_lseed1000
toy_1d_scan_timing,Sven,SVD,0.02320920536249307,0.03527938218192301,1.5200598913625794,11.742824163531868,15.562581248431147,1.3252843635998395,6,svd_bs32_mlp_width16_k16_lr0.1_rtol0.001_svdtorch_mseed1002_lseed1000_gram
toy_1d_scan_timing,JD,JD_UPGrad,0.014371563502807274,0.024415132862244112,1.6988501534627722,7.551364185022243,11.012896227638443,1.4583982387555847,6,jd_bs32_mlp_width16_lr0.0001_aggUPGrad_innerAdam_mseed1003_lseed1000
toy_1d_scan_timing,JD,JD_UPGrad,0.015127488720269562,0.024615994771075848,1.6272360354228845,7.9602935688031575,11.230717761257585,1.4108421585444293,6,jd_bs32_mlp_width16_lr0.0001_aggUPGrad_innerAdam_mseed1000_lseed1000
toy_1d_scan_timing,first:PolyakSGD,PolyakSGD,0.009356418463608457,0.015808277139181478,1.689564997618197,4.059856513681741,4.751534171078128,1.1703699761470459,6,std_bs32_mlp_width16_optimPolyakSGD_fstar0.0_maxlr1.0_eps1e-08_mseed1002_lseed1000
toy_1d_scan_timing,Sven,SVD,0.023425392320302003,0.03533438567693035,1.508379675942811,11.858734911152968,15.5715777087189,1.3130892818992064,6,svd_bs32_mlp_width16_k16_lr0.1_rtol0.001_svdtorch_mseed1003_lseed1000_gram
toy_1d_scan_timing,first:Adam,Adam,0.009308756041120634,0.01382693973001248,1.4853692232273736,3.935509180306448,3.9361861690628923,1.0001720206269198,6,std_bs32_mlp_width16_lr0.01_optimAdam_mseed1002_lseed1000
toy_1d_scan_timing,second:SOAP,SOAP,0.008818658971124224,0.0186742138369785,2.1175797701357153,4.401592632566694,6.686193105867341,1.5190395077448207,6,std_bs32_mlp_width16_lr0.001_optimSOAP_mseed1003_lseed1000
toy_1d_scan_timing,first:PolyakSGD,PolyakSGD,0.009358600648637447,0.015621676040011355,1.669232038690076,4.069062124732465,4.645085151600369,1.1415616201499446,6,std_bs32_mlp_width16_optimPolyakSGD_fstar0.0_maxlr1.0_eps1e-08_mseed1003_lseed1000
toy_1d_scan_timing,second:KFAC,KFAC,0.02132681471224512,0.04343447293303648,2.036613227014061,11.085235247590814,22.44459807671184,2.024729072086205,6,std_bs32_mlp_width16_lr0.001_optimKFAC_mseed1004_lseed1000
toy_1d_scan_timing,first:AdamW,AdamW,0.009330247167252108,,,,,,6,std_bs32_mlp_width16_lr0.01_optimAdamW_mseed1002_lseed1000
toy_1d_scan_timing,second:KFAC,KFAC,0.021687829654676735,0.06510670964166315,3.0019928539794494,11.31205993522994,33.33063696257431,2.9464692684990443,6,std_bs32_mlp_width16_lr0.001_optimKFAC_mseed1000_lseed1000
toy_1d_scan_timing,Sven,SVD,0.02321297733417143,0.035645394831404296,1.5355804780342122,11.743740566832106,15.731639970025531,1.3395765923556302,6,svd_bs32_mlp_width16_k16_lr0.1_rtol0.001_svdtorch_mseed1001_lseed1000_gram
toy_1d_scan_timing,first:PolyakSGD,PolyakSGD,0.00940720797859184,0.01565459063334856,1.6641059354671446,4.102192362606788,4.619185180446437,1.1260284189869438,6,std_bs32_mlp_width16_optimPolyakSGD_fstar0.0_maxlr1.0_eps1e-08_mseed1000_lseed1000
toy_1d_scan_timing,first:AdamW,AdamW,0.00939905200276472,,,,,,6,std_bs32_mlp_width16_lr0.01_optimAdamW_mseed1004_lseed1000
toy_1d_scan_timing,HIG,HIG,0.02154078658359746,0.05659202620632843,2.6272033282861282,10.738263601331582,27.533360549766485,2.564042155414424,6,hig_bs32_mlp_width16_lr0.1_tau0.0001_mseed1001_lseed1000
toy_1d_scan_timing,first:Muon,Muon,0.008899621545828672,0.017140858998043566,1.9260211133447165,4.3630613839423384,6.020671367933884,1.3799190151420186,6,std_bs32_mlp_width16_lr0.001_optimMuon_mseed1001_lseed1000
toy_1d_scan_timing,Sven,SVD,0.023371542747223025,0.03475425623305556,1.487033038808917,11.823068770316663,15.395626592369506,1.3021684041136772,6,svd_bs32_mlp_width16_k16_lr0.1_rtol0.001_svdtorch_mseed1004_lseed1000_gram
toy_1d_scan_timing,first:Adam,Adam,0.009334732567205921,0.013878750025566357,1.4867860354483142,3.947168750727115,3.862087663929588,0.9784450343599184,6,std_bs32_mlp_width16_lr0.01_optimAdam_mseed1001_lseed1000
toy_1d_scan_timing,first:Muon,Muon,0.008847771652443851,0.01682705247412539,1.9018407272612619,4.3486420034665985,5.87268224597489,1.3504634875194086,6,std_bs32_mlp_width16_lr0.001_optimMuon_mseed1004_lseed1000
toy_1d_scan_timing,JD,JD_UPGrad,0.014262835839439908,0.02411241014973105,1.690576153380023,7.489882860802852,11.063173677424153,1.4770823366706534,6,jd_bs32_mlp_width16_lr0.0001_aggUPGrad_innerAdam_mseed1002_lseed1000
toy_1d_scan_timing,HIG,HIG,0.021565057894460754,0.05510267098169101,2.555183076779256,10.741683369548545,26.66006660927236,2.4819263137890126,6,hig_bs32_mlp_width16_lr0.1_tau0.0001_mseed1002_lseed1000
toy_1d_scan_timing,JD,JD_UPGrad,0.014251538932504547,0.024345428591089634,1.7082666444929115,7.481908998467004,11.054728998982618,1.477527861037559,6,jd_bs32_mlp_width16_lr0.0001_aggUPGrad_innerAdam_mseed1004_lseed1000
toy_1d_scan_timing,second:SOAP,SOAP,0.008629014104436566,0.019799906503629044,2.2945734314478656,4.310999914874343,7.43606510310294,1.724904952432523,6,std_bs32_mlp_width16_lr0.001_optimSOAP_mseed1004_lseed1000
toy_1d_scan_timing,second:Shampoo,Shampoo,0.009498389460560348,0.04204352686446833,4.426384813872226,4.790285445441798,21.05529988355661,4.3954165411148525,6,std_bs32_mlp_width16_lr0.1_optimShampoo_mseed1001_lseed1000
toy_1d_scan_timing,HIG,HIG,0.021733765422250143,0.05784646329579927,2.66159416796587,10.826241133582835,28.187320656671275,2.6036110140974635,6,hig_bs32_mlp_width16_lr0.1_tau0.0001_mseed1004_lseed1000
toy_1d_scan_timing,first:RMSprop,RMSprop,0.00925491310222747,0.013627494758046749,1.4724605847208752,3.8507403924870793,3.7426647180081387,0.9719337936439965,6,std_bs32_mlp_width16_lr0.001_optimRMSprop_mseed1004_lseed1000
toy_1d_scan_timing,first:Muon,Muon,0.009988053990010586,0.01725002240557741,1.7270653946033712,4.925243104897297,6.15565328153606,1.249817146165909,6,std_bs32_mlp_width16_lr0.001_optimMuon_mseed1000_lseed1000
toy_1d_scan_timing,first:RMSprop,RMSprop,0.009231326540595748,0.014154374069184995,1.5332979509434117,3.8417309395427375,4.182193427645681,1.0886221584647122,6,std_bs32_mlp_width16_lr0.001_optimRMSprop_mseed1003_lseed1000
toy_1d_scan_timing,first:Adam,Adam,0.00974565130723123,0.013652508716978547,1.400882125430493,4.171410204690937,3.799675569643442,0.9108851403226987,6,std_bs32_mlp_width16_lr0.01_optimAdam_mseed1000_lseed1000
toy_1d_scan_timing,Sven,SVD,0.02422594871468997,0.033938175725569536,1.4009018232995074,12.312258507635372,14.784133836802559,1.2007653857847662,6,svd_bs32_mlp_width16_k16_lr0.1_rtol0.001_svdtorch_mseed1000_lseed1000_gram
toy_1d_scan_timing,first:Adam,Adam,0.009328838903068876,0.0142422171638787,1.5266870091618248,3.9478250723049495,4.208949390730372,1.066143842151791,6,std_bs32_mlp_width16_lr0.01_optimAdam_mseed1003_lseed1000
toy_1d_scan_timing,LBFGS,LBFGS,0.025531248561391193,0.054272763327268575,2.125738707872705,13.478965173994665,28.508872407623908,2.115063882101784,6,std_bs32_mlp_width16_lr0.5_optimLBFGS_mi3_hs5_lsstrong_wolfe_mseed1004_lseed1000
toy_1d_scan_timing,LBFGS,LBFGS,0.025831736626116455,0.07902584650081634,3.0592541122813817,13.64924735017716,41.294535148491605,3.025407488710769,6,std_bs32_mlp_width16_lr0.5_optimLBFGS_mi3_hs5_lsstrong_wolfe_mseed1002_lseed1000
toy_1d_scan_timing,second:SOAP,SOAP,0.008815070515524388,0.01851045282699892,2.09986440770948,4.3957199730996654,6.59225697948273,1.4996990299257316,6,std_bs32_mlp_width16_lr0.001_optimSOAP_mseed1001_lseed1000
toy_1d_scan_timing,JD,JD_UPGrad,0.014411609557509008,0.024897228139452637,1.7275813669598212,7.575151521397141,11.359226083295189,1.4995378047830945,6,jd_bs32_mlp_width16_lr0.0001_aggUPGrad_innerAdam_mseed1001_lseed1000
toy_1d_scan_timing,first:SGD,SGD,0.008682781009960713,0.013518391653584937,1.55691956736867,3.4880197453372084,3.641987325193676,1.0441418314968807,6,std_bs32_mlp_width16_lr0.1_optimSGD_mseed1003_lseed1000
toy_1d_scan_timing,first:SGD,SGD,0.008929690103848567,0.013625835538324383,1.525902397492142,3.5959490808470846,3.6794421908716424,1.023218657480236,6,std_bs32_mlp_width16_lr0.1_optimSGD_mseed1000_lseed1000
toy_1d_scan_timing,second:Shampoo,Shampoo,0.009465326047502458,0.038907619665325105,4.110541936967016,4.7740781224874285,19.467380613842888,4.077725607828939,6,std_bs32_mlp_width16_lr0.1_optimShampoo_mseed1003_lseed1000
toy_1d_scan_timing,LBFGS,LBFGS,0.025779441785287214,0.05496682852028041,2.1321962274470567,13.621293908035675,28.85600627342703,2.1184482522915,6,std_bs32_mlp_width16_lr0.5_optimLBFGS_mi3_hs5_lsstrong_wolfe_mseed1003_lseed1000
toy_1d_scan_timing,first:SGD,SGD,0.008666353585302001,0.013501829181978894,1.5579596480898013,3.5015274516155066,3.673550188831521,1.049127913344403,6,std_bs32_mlp_width16_lr0.1_optimSGD_mseed1004_lseed1000
toy_1d_scan_timing,first:Adam,Adam,0.009448775631349741,0.01374554899171926,1.4547439295852698,3.9992424127193518,3.862453941121912,0.9657964040483287,6,std_bs32_mlp_width16_lr0.01_optimAdam_mseed1004_lseed1000
toy_1d_scan_timing,first:SGD,SGD,0.008853975573632246,0.013818758639455255,1.5607405424302816,3.5604805307322964,3.7587613328925364,1.055689337562382,6,std_bs32_mlp_width16_lr0.1_optimSGD_mseed1001_lseed1000
polynomial_scan_timing,first:Muon,Muon,0.008762476519461618,0.018459182173052494,2.106617019977665,4.311269069478784,6.530217409688836,1.5146856539107902,6,std_bs32_mlp_width16_lr0.001_optimMuon_mseed2001_lseed2000
polynomial_scan_timing,first:Adam,Adam,0.009255481656938274,0.01389816035115574,1.5016139479610042,3.877075045249059,3.8648914469899935,0.996857528390121,6,std_bs32_mlp_width16_lr0.01_optimAdam_mseed2003_lseed2000
polynomial_scan_timing,second:Shampoo,Shampoo,0.00916234700636576,0.02517914249975648,2.748110553143498,4.613927865851695,12.672246527707816,2.7465202959709947,6,std_bs32_mlp_width16_lr0.1_optimShampoo_mseed2004_lseed2000
polynomial_scan_timing,second:KFAC,KFAC,0.021740017088078375,0.06586513849997169,3.0296728026074238,11.336037854049593,33.800926612438666,2.9817231600337237,6,std_bs32_mlp_width16_lr0.0001_optimKFAC_mseed2000_lseed2000
polynomial_scan_timing,LBFGS,LBFGS,0.025829332855258447,0.057513936032773924,2.2266907300729986,13.57602787214501,28.909011625129875,2.129416048448511,6,std_bs32_mlp_width16_lr0.5_optimLBFGS_mi3_hs2_lsstrong_wolfe_mseed2001_lseed2000
polynomial_scan_timing,second:KFAC,KFAC,0.021498097397788015,0.04381646208782008,2.0381553435667494,11.198422626574366,22.636347963845136,2.021387182702683,6,std_bs32_mlp_width16_lr0.0001_optimKFAC_mseed2002_lseed2000
polynomial_scan_timing,first:Muon,Muon,0.008562322993335935,0.017672884357743897,2.0640291625880876,4.227201338744344,6.054793270758558,1.4323408765188093,6,std_bs32_mlp_width16_lr0.001_optimMuon_mseed2003_lseed2000
polynomial_scan_timing,JD,JD_UPGrad,0.014927964170540993,0.02443833050887204,1.6370839472604648,7.846889434011873,11.241948000525836,1.4326629800336277,6,jd_bs32_mlp_width16_lr0.001_aggUPGrad_innerAdam_mseed2003_lseed2000
polynomial_scan_timing,HIG,HIG,0.02180922752776597,0.044153111980542434,2.024515170210857,10.78721063331323,20.538372700154696,1.9039558416267295,6,hig_bs32_mlp_width16_lr0.1_tau0.01_mseed2001_lseed2000
polynomial_scan_timing,HIG,HIG,0.02192342348357973,0.04432724978140969,2.0219127644279666,10.845012831897401,20.656200405210257,1.9046727491604387,6,hig_bs32_mlp_width16_lr0.1_tau0.01_mseed2000_lseed2000
polynomial_scan_timing,first:RMSprop,RMSprop,0.009324878855259157,0.01404157779748655,1.5058187902963707,3.868865288872891,4.078552514030494,1.054198636939021,6,std_bs32_mlp_width16_lr0.001_optimRMSprop_mseed2001_lseed2000
polynomial_scan_timing,second:SOAP,SOAP,0.008591711014418656,0.01857426059606951,2.1618814418802126,4.278847325545626,6.6207656410698315,1.5473245800434283,6,std_bs32_mlp_width16_lr0.001_optimSOAP_mseed2003_lseed2000
polynomial_scan_timing,JD,JD_UPGrad,0.015041941028579862,0.024872741013079777,1.653559269101061,7.917804532749846,11.473947037465145,1.4491323939617706,6,jd_bs32_mlp_width16_lr0.001_aggUPGrad_innerAdam_mseed2000_lseed2000
polynomial_scan_timing,first:AdamW,AdamW,0.009186597369456043,,,,,,6,std_bs32_mlp_width16_lr0.01_optimAdamW_mseed2001_lseed2000
polynomial_scan_timing,Sven,SVD,0.0232042407199818,0.028761977146108012,1.2395138239253092,11.705338098808005,12.277451112937813,1.0488762485372438,6,svd_bs32_mlp_width16_k32_lr0.1_rtol0.0001_svdtorch_mseed2004_lseed2000_gram
polynomial_scan_timing,Sven,SVD,0.023531726678354768,0.029011944559169934,1.2328863476837866,11.872824746817827,12.593592719372792,1.060707370648939,6,svd_bs32_mlp_width16_k32_lr0.1_rtol0.0001_svdtorch_mseed2000_lseed2000_gram
polynomial_scan_timing,first:RMSprop,RMSprop,0.00932130243053608,0.013725442169428182,1.4724811550437822,3.8649455324327127,3.7524878437565374,0.9709031633867836,6,std_bs32_mlp_width16_lr0.001_optimRMSprop_mseed2003_lseed2000
polynomial_scan_timing,first:PolyakSGD,PolyakSGD,0.00925358310167212,0.015587456567769145,1.6844779364387505,4.005835751241174,4.598753302009961,1.1480134452804451,6,std_bs32_mlp_width16_optimPolyakSGD_fstar0.0_maxlr1.0_eps1e-08_mseed2001_lseed2000
polynomial_scan_timing,second:Shampoo,Shampoo,0.009540681574144401,0.03924720458582871,4.113668848585209,4.806350677358968,19.62615989908106,4.083380763607827,6,std_bs32_mlp_width16_lr0.1_optimShampoo_mseed2002_lseed2000
polynomial_scan_timing,first:Adam,Adam,0.009251583460589043,0.013868406327997542,1.4990305591551727,3.865283252500271,3.8716333939473686,1.0016428657441832,6,std_bs32_mlp_width16_lr0.01_optimAdam_mseed2002_lseed2000
polynomial_scan_timing,LBFGS,LBFGS,0.02598143713503507,0.057451321216908074,2.211244933000144,13.657259571435937,28.8621504239131,2.113319313654848,6,std_bs32_mlp_width16_lr0.5_optimLBFGS_mi3_hs2_lsstrong_wolfe_mseed2004_lseed2000
polynomial_scan_timing,first:RMSprop,RMSprop,0.009319967458593762,0.013865869913586518,1.4877594771858422,3.8636590863694065,3.8016892850961383,0.9839608516465929,6,std_bs32_mlp_width16_lr0.001_optimRMSprop_mseed2002_lseed2000
polynomial_scan_timing,first:RMSprop,RMSprop,0.00932452505803667,0.013901134196655928,1.490814181970024,3.868426705045572,3.809286807678616,0.984712157712638,6,std_bs32_mlp_width16_lr0.001_optimRMSprop_mseed2004_lseed2000
polynomial_scan_timing,first:Muon,Muon,0.008930100901117032,0.017292323217778984,1.9364084918252105,4.385146198194689,6.088969298599722,1.3885441951984354,6,std_bs32_mlp_width16_lr0.001_optimMuon_mseed2004_lseed2000
polynomial_scan_timing,first:Muon,Muon,0.008590102299737433,0.016874571388923666,1.9644203060817398,4.240080644041836,5.973594933011816,1.4088399336002997,6,std_bs32_mlp_width16_lr0.001_optimMuon_mseed2002_lseed2000
polynomial_scan_timing,HIG,HIG,0.02159645090364696,0.04405379514281069,2.0398627227852235,10.684890723296295,20.409408195528943,1.9101185706120754,6,hig_bs32_mlp_width16_lr0.1_tau0.01_mseed2003_lseed2000
polynomial_scan_timing,JD,JD_UPGrad,0.014770270399749279,0.024591010735279674,1.6648991568696738,7.772574308157241,11.256581380555685,1.4482436493070272,6,jd_bs32_mlp_width16_lr0.001_aggUPGrad_innerAdam_mseed2004_lseed2000
polynomial_scan_timing,first:SGD,SGD,0.008933904942176822,0.013406822948858867,1.5006677411089826,3.5736623836812167,3.587832030492088,1.003965021115474,6,std_bs32_mlp_width16_lr0.1_optimSGD_mseed2004_lseed2000
polynomial_scan_timing,first:PolyakSGD,PolyakSGD,0.009167988011678164,0.010632833815891193,1.1597783289361976,3.972518974067137,3.9397762425187324,0.9917576903314619,6,std_bs32_mlp_width16_optimPolyakSGD_fstar0.0_maxlr1.0_eps1e-08_mseed2004_lseed2000
polynomial_scan_timing,LBFGS,LBFGS,0.1647945938064044,0.23910845888532803,1.4509484404945059,93.30971177508192,133.48269160846604,1.4305337469074917,6,std_bs32_mlp_width16_lr0.5_optimLBFGS_mi3_hs2_lsstrong_wolfe_mseed2002_lseed2000
polynomial_scan_timing,first:SGD,SGD,0.008867267115791846,0.013549027425017105,1.527982325116545,3.557740120602528,3.649816756544355,1.0258806525548678,6,std_bs32_mlp_width16_lr0.1_optimSGD_mseed2002_lseed2000
polynomial_scan_timing,second:KFAC,KFAC,0.02173173144440322,0.06499680081919197,2.9908707911964934,11.327583578447944,33.134575807950654,2.925123048396047,6,std_bs32_mlp_width16_lr0.0001_optimKFAC_mseed2001_lseed2000
polynomial_scan_timing,first:SGD,SGD,0.00880928726750426,0.013748018646405803,1.5606278043763606,3.5356464588972996,3.717886886191956,1.051543735894763,6,std_bs32_mlp_width16_lr0.1_optimSGD_mseed2001_lseed2000
polynomial_scan_timing,first:PolyakSGD,PolyakSGD,0.009328194105829525,0.015687153951407202,1.681692487681376,4.043897862186114,4.625099649602255,1.1437231619648145,6,std_bs32_mlp_width16_optimPolyakSGD_fstar0.0_maxlr1.0_eps1e-08_mseed2000_lseed2000
polynomial_scan_timing,first:Adam,Adam,0.009225715239170111,0.014227165324134856,1.5421205787633485,3.857771307453156,4.21911739969638,1.0936670588909998,6,std_bs32_mlp_width16_lr0.01_optimAdam_mseed2000_lseed2000
polynomial_scan_timing,first:PolyakSGD,PolyakSGD,0.009199062158069055,0.015600692115517126,1.6959002828166363,3.9870754589130297,4.591120578074893,1.151500799366998,6,std_bs32_mlp_width16_optimPolyakSGD_fstar0.0_maxlr1.0_eps1e-08_mseed2002_lseed2000
polynomial_scan_timing,HIG,HIG,0.021573563573054143,0.03430409047668541,1.590098472165812,10.683407506514222,16.413117357241077,1.5363185713203544,6,hig_bs32_mlp_width16_lr0.1_tau0.01_mseed2004_lseed2000
polynomial_scan_timing,HIG,HIG,0.02178400799250489,0.04324605486666163,1.9852202992920807,10.77498446710366,19.704935235193016,1.8287669272612648,6,hig_bs32_mlp_width16_lr0.1_tau0.01_mseed2002_lseed2000
polynomial_scan_timing,first:AdamW,AdamW,0.00928735005197167,,,,,,6,std_bs32_mlp_width16_lr0.01_optimAdamW_mseed2000_lseed2000
polynomial_scan_timing,first:Muon,Muon,0.009162974036363368,0.01859977102030017,2.029883632375991,4.510178180677763,6.797147451300389,1.5070684968545862,6,std_bs32_mlp_width16_lr0.001_optimMuon_mseed2000_lseed2000
polynomial_scan_timing,first:SGD,SGD,0.008838048592766023,0.01342249674082268,1.5187172371748494,3.54726016402435,3.6058649070376454,1.0165211290695997,6,std_bs32_mlp_width16_lr0.1_optimSGD_mseed2003_lseed2000
polynomial_scan_timing,first:RMSprop,RMSprop,0.009259905870033738,0.01399107925781411,1.5109310455402214,3.834010659086223,4.046182950903563,1.055339515375241,6,std_bs32_mlp_width16_lr0.001_optimRMSprop_mseed2000_lseed2000
polynomial_scan_timing,second:KFAC,KFAC,0.021692458532828217,0.0437963609630242,2.018967139973789,11.306361898745651,22.635972536929224,2.0020562528995733,6,std_bs32_mlp_width16_lr0.0001_optimKFAC_mseed2003_lseed2000
polynomial_scan_timing,second:Shampoo,Shampoo,0.009180921971953164,0.02926171464890811,3.187230513264337,4.626432732387354,14.666255317983953,3.170100197353524,6,std_bs32_mlp_width16_lr0.1_optimShampoo_mseed2003_lseed2000
polynomial_scan_timing,first:SGD,SGD,0.008871008315602214,0.013962999604668262,1.5740036654131324,3.5648867441043732,3.874638888422554,1.0868897573900351,6,std_bs32_mlp_width16_lr0.1_optimSGD_mseed2000_lseed2000
polynomial_scan_timing,Sven,SVD,0.023331929876973544,0.02883654492357487,1.235926263949296,11.780052924768244,12.535189504968747,1.0641029870598275,6,svd_bs32_mlp_width16_k32_lr0.1_rtol0.0001_svdtorch_mseed2003_lseed2000_gram
polynomial_scan_timing,second:SOAP,SOAP,0.008597073136414918,0.018249859883281816,2.1227991891775653,4.281928764578824,6.597441678253797,1.5407639970168279,6,std_bs32_mlp_width16_lr0.001_optimSOAP_mseed2002_lseed2000
polynomial_scan_timing,first:AdamW,AdamW,0.00924367987524925,,,,,,6,std_bs32_mlp_width16_lr0.01_optimAdamW_mseed2003_lseed2000
polynomial_scan_timing,first:AdamW,AdamW,0.009233599628011386,,,,,,6,std_bs32_mlp_width16_lr0.01_optimAdamW_mseed2004_lseed2000
polynomial_scan_timing,first:PolyakSGD,PolyakSGD,0.009049102336155353,0.015485234575850578,1.7112453811003878,3.926392066807221,4.568831306717064,1.163620756404046,6,std_bs32_mlp_width16_optimPolyakSGD_fstar0.0_maxlr1.0_eps1e-08_mseed2003_lseed2000
polynomial_scan_timing,LBFGS,LBFGS,0.02588413106025352,0.056239733376617855,2.172749521538971,13.609231465545218,28.128346571692834,2.066857826829235,6,std_bs32_mlp_width16_lr0.5_optimLBFGS_mi3_hs2_lsstrong_wolfe_mseed2000_lseed2000
polynomial_scan_timing,second:Shampoo,Shampoo,0.00934626349946484,0.04110778123224413,4.398311821039277,4.707929316183594,20.59613492112226,4.374775732151005,6,std_bs32_mlp_width16_lr0.1_optimShampoo_mseed2001_lseed2000
polynomial_scan_timing,first:Adam,Adam,0.009248191333867402,0.013751032646396197,1.4868888575044004,3.8742148446085785,3.8466712407479156,0.9928905326716733,6,std_bs32_mlp_width16_lr0.01_optimAdam_mseed2004_lseed2000
polynomial_scan_timing,JD,JD_UPGrad,0.014674948233619539,0.02446820187637867,1.667345021382992,7.714483909496365,11.298942622619297,1.4646401178840416,6,jd_bs32_mlp_width16_lr0.001_aggUPGrad_innerAdam_mseed2002_lseed2000
polynomial_scan_timing,second:SOAP,SOAP,0.008595408835228429,0.01845524453971949,2.1471049130415247,4.282272084558103,6.662396663954607,1.5558088165343922,6,std_bs32_mlp_width16_lr0.001_optimSOAP_mseed2001_lseed2000
polynomial_scan_timing,Sven,SVD,0.023338754633053516,0.028824305322228207,1.2350404199119425,11.770533597857034,12.512206650798777,1.063010996636276,6,svd_bs32_mlp_width16_k32_lr0.1_rtol0.0001_svdtorch_mseed2002_lseed2000_gram
polynomial_scan_timing,second:KFAC,KFAC,0.021641508544174334,0.034164689255606694,1.5786648692197323,11.28104197206541,17.857328042411766,1.582950235149451,6,std_bs32_mlp_width16_lr0.0001_optimKFAC_mseed2004_lseed2000
polynomial_scan_timing,JD,JD_UPGrad,0.014582104717200207,0.025321499988624256,1.7364777225030128,7.664308659568691,11.39739039530695,1.4870735119830543,6,jd_bs32_mlp_width16_lr0.001_aggUPGrad_innerAdam_mseed2001_lseed2000
polynomial_scan_timing,second:SOAP,SOAP,0.008810661183605488,0.01856807282278573,2.107455097392285,4.378618411652851,6.584100369713641,1.503693574254227,6,std_bs32_mlp_width16_lr0.001_optimSOAP_mseed2004_lseed2000
polynomial_scan_timing,Sven,SVD,0.02329797336857559,0.028832431151919687,1.2375510391306825,11.753958231210113,12.533137541355048,1.0662908013469021,6,svd_bs32_mlp_width16_k32_lr0.1_rtol0.0001_svdtorch_mseed2001_lseed2000_gram
polynomial_scan_timing,first:AdamW,AdamW,0.009173759431707569,,,,,,6,std_bs32_mlp_width16_lr0.01_optimAdamW_mseed2002_lseed2000
polynomial_scan_timing,second:SOAP,SOAP,0.009382280679160936,0.02029947551135491,2.163597125850461,4.657883315939253,7.671719466815123,1.6470398561858637,6,std_bs32_mlp_width16_lr0.001_optimSOAP_mseed2000_lseed2000
polynomial_scan_timing,LBFGS,LBFGS,0.025836327248058902,0.05757939140441724,2.228621384594949,13.582822558441803,28.943400886192464,2.1308826469358517,6,std_bs32_mlp_width16_lr0.5_optimLBFGS_mi3_hs2_lsstrong_wolfe_mseed2003_lseed2000
polynomial_scan_timing,second:Shampoo,Shampoo,0.009732349706658473,0.06173540718969889,6.343319861128918,4.905264163702227,30.76544514888475,6.271924227147976,6,std_bs32_mlp_width16_lr0.1_optimShampoo_mseed2000_lseed2000
polynomial_scan_timing,first:Adam,Adam,0.009197781867502879,0.01417671654968419,1.5413190651729436,3.8427629957746223,3.957717546734947,1.0299145565538974,6,std_bs32_mlp_width16_lr0.01_optimAdam_mseed2001_lseed2000
mnist_scan_ce_timing,LBFGS,LBFGS,0.06186045030804558,0.08948607693749687,1.446579785499206,10.414075129094527,15.138752961509935,1.4536819423566234,4,std_bs64_mlp_width32_lr0.5_optimLBFGS_mi2_hs2_lsstrong_wolfe_mseed3003_lseed3000
mnist_scan_ce_timing,Sven,SVD,0.06296123359365285,0.08995273583335801,1.4287003398616094,10.871810874783062,14.798586870899111,1.3611887698694356,4,svd_bs64_mlp_width32_k4_lr0.5_rtol0.01_svdtorch_mseed3004_lseed3000_gram
mnist_scan_ce_timing,first:Muon,Muon,0.025421819002496907,0.026929199615001887,1.0592947582687504,4.210145519659129,3.0375970064722964,0.721494540340314,4,std_bs64_mlp_width32_lr0.0001_optimMuon_mseed3000_lseed3000
mnist_scan_ce_timing,first:SGD,SGD,0.0258483620127663,0.026653576007811354,1.031151451478719,3.317505195920568,3.0322411713793054,0.9140124859813203,4,std_bs64_mlp_width32_lr0.01_optimSGD_mseed3001_lseed3000
mnist_scan_ce_timing,second:Shampoo,Shampoo,0.6696794955366446,0.6835889909825185,1.0207703767825944,127.82028547358085,130.25574002877624,1.0190537405402587,4,std_bs64_mlp_width32_lr0.1_optimShampoo_mseed3001_lseed3000
mnist_scan_ce_timing,first:AdamW,AdamW,0.025826610450813962,,,,,,4,std_bs64_mlp_width32_lr0.0001_optimAdamW_mseed3002_lseed3000
mnist_scan_ce_timing,Sven,SVD,0.06388150245973116,0.09770281887225186,1.5294383367679958,11.025281440241258,16.260565884226658,1.4748436103297187,4,svd_bs64_mlp_width32_k4_lr0.5_rtol0.01_svdtorch_mseed3000_lseed3000_gram
mnist_scan_ce_timing,first:AdamW,AdamW,0.025863269994992555,,,,,,4,std_bs64_mlp_width32_lr0.0001_optimAdamW_mseed3003_lseed3000
mnist_scan_ce_timing,first:SGD,SGD,0.02577787529392582,0.026134772815858014,1.013845110113334,3.3023835433873416,3.0191536949970312,0.9142347202651713,4,std_bs64_mlp_width32_lr0.01_optimSGD_mseed3004_lseed3000
mnist_scan_ce_timing,first:AdamW,AdamW,0.025853186485279973,,,,,,4,std_bs64_mlp_width32_lr0.0001_optimAdamW_mseed3000_lseed3000
mnist_scan_ce_timing,Sven,SVD,0.06317193614383643,0.09045468198361858,1.4318807924085462,10.909213804464136,14.937189690444045,1.369226963388657,4,svd_bs64_mlp_width32_k4_lr0.5_rtol0.01_svdtorch_mseed3003_lseed3000_gram
mnist_scan_ce_timing,HIG,HIG,0.3847174099097416,0.38647019838972485,1.0045560414861248,73.09458901355319,73.29907819451486,1.0027975966993092,4,hig_bs64_mlp_width32_lr0.05_tau0.01_mseed3002_lseed3000
mnist_scan_ce_timing,LBFGS,LBFGS,0.06220714216527995,0.08564469235386545,1.376766226075996,10.480525889081449,14.466090019837493,1.380282838183548,4,std_bs64_mlp_width32_lr0.5_optimLBFGS_mi2_hs2_lsstrong_wolfe_mseed3000_lseed3000
mnist_scan_ce_timing,first:RMSprop,RMSprop,0.025737689097489542,0.026991373682523974,1.0487100679585377,3.4742155436750077,3.2493672868200165,0.9352808557706388,4,std_bs64_mlp_width32_lr0.0001_optimRMSprop_mseed3004_lseed3000
mnist_scan_ce_timing,HIG,HIG,0.38200500533443926,0.3693352279477727,0.9668334780703347,72.60636550845699,70.17768581225567,0.9665500444872367,4,hig_bs64_mlp_width32_lr0.05_tau0.01_mseed3003_lseed3000
mnist_scan_ce_timing,first:PolyakSGD,PolyakSGD,0.026010809872467587,0.024651341923357297,0.9477345013178815,3.71915473327684,3.4927053627858893,0.9391126783554302,4,std_bs64_mlp_width32_optimPolyakSGD_fstar0.0_maxlr1.0_eps1e-08_mseed3004_lseed3000
mnist_scan_ce_timing,Sven,SVD,0.063881528035854,0.07380038631109831,1.155269583872153,11.037240419147123,12.10764869481627,1.0969815130430818,4,svd_bs64_mlp_width32_k4_lr0.5_rtol0.01_svdtorch_mseed3001_lseed3000_gram
mnist_scan_ce_timing,first:Adam,Adam,0.02577673270192463,0.026722549517807136,1.0366926571656572,3.5213430541436446,3.194094820147646,0.9070672101626344,4,std_bs64_mlp_width32_lr0.0001_optimAdam_mseed3003_lseed3000
mnist_scan_ce_timing,first:Adam,Adam,0.025709841929427865,0.02675707983027678,1.0407329575857964,3.51788949815612,3.204019787398153,0.910778973892591,4,std_bs64_mlp_width32_lr0.0001_optimAdam_mseed3001_lseed3000
mnist_scan_ce_timing,first:RMSprop,RMSprop,0.026068004064468873,0.02620172393889839,1.0051296552700704,3.5350067315619196,3.1104587477325065,0.879901789142611,4,std_bs64_mlp_width32_lr0.0001_optimRMSprop_mseed3000_lseed3000
mnist_scan_ce_timing,Sven,SVD,0.06321526906246112,0.09038019774643342,1.4297210007463774,10.910211119881229,14.936599349290299,1.3690476916685828,4,svd_bs64_mlp_width32_k4_lr0.5_rtol0.01_svdtorch_mseed3002_lseed3000_gram
mnist_scan_ce_timing,second:SOAP,SOAP,0.028030366197797574,0.03559294595279627,1.2697995346058986,4.481876478021615,3.514963297135155,0.784261528485213,4,std_bs64_mlp_width32_lr0.0001_optimSOAP_mseed3000_lseed3000
mnist_scan_ce_timing,LBFGS,LBFGS,0.06212897211972934,0.0857523765868973,1.3802316964401578,10.464644370707813,14.527475269812184,1.3882435709403442,4,std_bs64_mlp_width32_lr0.5_optimLBFGS_mi2_hs2_lsstrong_wolfe_mseed3002_lseed3000
mnist_scan_ce_timing,LBFGS,LBFGS,0.06121434357806316,0.0740210062046794,1.2092101602018266,10.305776919892578,12.598937323072683,1.2225121328556767,4,std_bs64_mlp_width32_lr0.5_optimLBFGS_mi2_hs2_lsstrong_wolfe_mseed3004_lseed3000
mnist_scan_ce_timing,first:RMSprop,RMSprop,0.02585281254361487,0.026276014170790504,1.0163696551956067,3.4961270934803834,3.0991601858606765,0.8864552411838873,4,std_bs64_mlp_width32_lr0.0001_optimRMSprop_mseed3003_lseed3000
mnist_scan_ce_timing,first:Adam,Adam,0.025472703991949352,0.027049525483938245,1.0619023992304566,3.479861399133517,3.2646207849178386,0.938146785308957,4,std_bs64_mlp_width32_lr0.0001_optimAdam_mseed3004_lseed3000
mnist_scan_ce_timing,first:SGD,SGD,0.025768347742527516,0.026152733123615487,1.0149169587793785,3.3071006631859934,2.9886696799553985,0.9037129450653537,4,std_bs64_mlp_width32_lr0.01_optimSGD_mseed3003_lseed3000
mnist_scan_ce_timing,HIG,HIG,0.3835622228786168,1.625000040983626,4.236600853932058,72.93351291954866,308.8822249746966,4.235120627130873,4,hig_bs64_mlp_width32_lr0.05_tau0.01_mseed3000_lseed3000
mnist_scan_ce_timing,first:Adam,Adam,0.02585517903304814,0.026186693305304896,1.0128219677702874,3.544531545332714,3.134422458354324,0.8842980851677271,4,std_bs64_mlp_width32_lr0.0001_optimAdam_mseed3000_lseed3000
mnist_scan_ce_timing,second:SOAP,SOAP,0.02793406094029908,0.029911155226097132,1.0707771881082209,4.448807190273151,3.2725800822765976,0.735608432172954,4,std_bs64_mlp_width32_lr0.0001_optimSOAP_mseed3001_lseed3000
mnist_scan_ce_timing,first:Muon,Muon,0.024385622851097855,0.026369377599136594,1.0813493573714246,4.041784836303519,2.897571352099988,0.7169039098949191,4,std_bs64_mlp_width32_lr0.0001_optimMuon_mseed3002_lseed3000
mnist_scan_ce_timing,first:PolyakSGD,PolyakSGD,0.025988150559714995,0.027596953593634278,1.0619052529429753,3.716286009838824,3.525796545985173,0.9487419796675141,4,std_bs64_mlp_width32_optimPolyakSGD_fstar0.0_maxlr1.0_eps1e-08_mseed3002_lseed3000
mnist_scan_ce_timing,HIG,HIG,0.38279746388221003,0.3689535006555444,0.9638347571944063,72.79839533508253,70.09557162798487,0.9628724823582047,4,hig_bs64_mlp_width32_lr0.05_tau0.01_mseed3004_lseed3000
mnist_scan_ce_timing,second:Shampoo,Shampoo,0.6676171936394854,0.6852531266158783,1.0264162354481188,127.4721129167664,130.58784021428778,1.0244424229443487,4,std_bs64_mlp_width32_lr0.1_optimShampoo_mseed3003_lseed3000
mnist_scan_ce_timing,JD,JD_UPGrad,0.2048488280441638,0.20899997134861123,1.0202644230093056,38.71037685297438,39.34654195997506,1.0164339683237107,4,jd_bs64_mlp_width32_lr0.0001_aggUPGrad_innerAdam_mseed3004_lseed3000
mnist_scan_ce_timing,first:AdamW,AdamW,0.025942092671886914,,,,,,4,std_bs64_mlp_width32_lr0.0001_optimAdamW_mseed3004_lseed3000
mnist_scan_ce_timing,second:Shampoo,Shampoo,0.6663990043639205,0.6807117502382931,1.0214777419843748,127.25850870509616,129.73356989519132,1.0194490821500255,4,std_bs64_mlp_width32_lr0.1_optimShampoo_mseed3002_lseed3000
mnist_scan_ce_timing,first:RMSprop,RMSprop,0.025995916563616547,0.026848563474163208,1.0327992632404435,3.523283910841794,3.157820573164972,0.89627195907993,4,std_bs64_mlp_width32_lr0.0001_optimRMSprop_mseed3001_lseed3000
mnist_scan_ce_timing,second:Shampoo,Shampoo,0.6634538659866667,0.6897934247994433,1.0397006636981538,126.68966638646137,131.46546007536634,1.0376967895261213,4,std_bs64_mlp_width32_lr0.1_optimShampoo_mseed3004_lseed3000
mnist_scan_ce_timing,first:PolyakSGD,PolyakSGD,0.026019785004706742,0.027857275089481846,1.0706189572451394,3.7224579226798507,3.55946834036298,0.9562145266105434,4,std_bs64_mlp_width32_optimPolyakSGD_fstar0.0_maxlr1.0_eps1e-08_mseed3001_lseed3000
mnist_scan_ce_timing,JD,JD_UPGrad,0.20392054837164728,0.20820837748527993,1.0210269595088477,38.53097734403169,39.19986528414575,1.0173597449693983,4,jd_bs64_mlp_width32_lr0.0001_aggUPGrad_innerAdam_mseed3003_lseed3000
mnist_scan_ce_timing,first:PolyakSGD,PolyakSGD,0.025921515778948863,0.02767050205807512,1.0674723767715246,3.7095347071624496,3.54182736125034,0.9547901936088381,4,std_bs64_mlp_width32_optimPolyakSGD_fstar0.0_maxlr1.0_eps1e-08_mseed3000_lseed3000
mnist_scan_ce_timing,second:SOAP,SOAP,0.027689684746696405,0.024507107899149155,0.8850627272696936,4.411008270921062,3.0269247857403996,0.6862206098535262,4,std_bs64_mlp_width32_lr0.0001_optimSOAP_mseed3002_lseed3000
mnist_scan_ce_timing,first:PolyakSGD,PolyakSGD,0.025964450235025853,0.02702466706305535,1.0408334017640501,3.7058479215047244,3.436584568801902,0.9273409599081738,4,std_bs64_mlp_width32_optimPolyakSGD_fstar0.0_maxlr1.0_eps1e-08_mseed3003_lseed3000
mnist_scan_ce_timing,LBFGS,LBFGS,0.06208524495887104,0.08741173152805358,1.407930847111263,10.459541977380217,14.786534399704646,1.4136885182622694,4,std_bs64_mlp_width32_lr0.5_optimLBFGS_mi2_hs2_lsstrong_wolfe_mseed3001_lseed3000
mnist_scan_ce_timing,JD,JD_UPGrad,0.20515413972057608,0.21204542428584924,1.0335907653370253,38.74422397540469,39.762444852739385,1.0262805851520236,4,jd_bs64_mlp_width32_lr0.0001_aggUPGrad_innerAdam_mseed3001_lseed3000
mnist_scan_ce_timing,first:Adam,Adam,0.025773347684686695,0.02706926397998662,1.0502812560927,3.5192467962706417,3.2567601591504527,0.9254139728426132,4,std_bs64_mlp_width32_lr0.0001_optimAdam_mseed3002_lseed3000
mnist_scan_ce_timing,HIG,HIG,0.3835588803241262,1.624849359698904,4.2362449236628965,72.93119430467526,303.5748207866068,4.162482510822479,4,hig_bs64_mlp_width32_lr0.05_tau0.01_mseed3001_lseed3000
mnist_scan_ce_timing,first:AdamW,AdamW,0.0257489247536028,,,,,,4,std_bs64_mlp_width32_lr0.0001_optimAdamW_mseed3001_lseed3000
mnist_scan_ce_timing,first:SGD,SGD,0.02588292313662047,0.025981767169174014,1.0038188898538163,3.315627182174081,2.9365673439074826,0.8856747705820032,4,std_bs64_mlp_width32_lr0.01_optimSGD_mseed3002_lseed3000
mnist_scan_ce_timing,JD,JD_UPGrad,0.2045718370491199,0.2080779842460955,1.0171389534725337,38.638997517105665,39.12072776122885,1.012467462281078,4,jd_bs64_mlp_width32_lr0.0001_aggUPGrad_innerAdam_mseed3002_lseed3000
mnist_scan_ce_timing,JD,JD_UPGrad,0.20634314695140346,0.21199235707417957,1.0273777453055253,38.97138074685041,39.7450506104281,1.0198522569319082,4,jd_bs64_mlp_width32_lr0.0001_aggUPGrad_innerAdam_mseed3000_lseed3000
mnist_scan_ce_timing,second:Shampoo,Shampoo,0.6876699667894799,0.6845116279408103,0.9954071880390315,131.30432376707557,130.4521976823314,0.9935102968409799,4,std_bs64_mlp_width32_lr0.1_optimShampoo_mseed3000_lseed3000
mnist_scan_ce_timing,second:SOAP,SOAP,0.02780002612555917,0.02074080720498589,0.7460715004838403,4.428243417968489,2.8471818870565953,0.6429596610483475,4,std_bs64_mlp_width32_lr0.0001_optimSOAP_mseed3004_lseed3000
mnist_scan_ce_timing,second:SOAP,SOAP,0.02754264550555187,0.021101736249143466,0.7661477632891116,4.387602627005324,2.893396790451142,0.6594482309410904,4,std_bs64_mlp_width32_lr0.0001_optimSOAP_mseed3003_lseed3000
mnist_scan_ce_timing,first:Muon,Muon,0.025452850383589975,0.02649172560861593,1.040815673269181,4.211381120534777,2.939731580565678,0.6980445360861521,4,std_bs64_mlp_width32_lr0.0001_optimMuon_mseed3001_lseed3000
mnist_scan_ce_timing,first:Muon,Muon,0.02447654329052764,0.019934303811104555,0.8144247974271384,4.058503906770265,2.577979170279438,0.6352043091492253,4,std_bs64_mlp_width32_lr0.0001_optimMuon_mseed3004_lseed3000
mnist_scan_ce_timing,first:RMSprop,RMSprop,0.025975469175545086,0.02604505767082123,1.0026790082137056,3.5161527246907,3.0482826973381107,0.8669369438741472,4,std_bs64_mlp_width32_lr0.0001_optimRMSprop_mseed3002_lseed3000
mnist_scan_ce_timing,first:SGD,SGD,0.02600912982248701,0.0262659004208399,1.009872325606637,3.3368042537516582,3.0186305597880243,0.9046471804254317,4,std_bs64_mlp_width32_lr0.01_optimSGD_mseed3000_lseed3000
mnist_scan_ce_timing,first:Muon,Muon,0.025252060842273445,0.026211190879176786,1.037982247979448,4.176221078081525,2.8705675076486776,0.6873600448775475,4,std_bs64_mlp_width32_lr0.0001_optimMuon_mseed3003_lseed3000
mnist_scan_labelRegression_timing,first:SGD,SGD,0.0288769219977419,0.019155893756671705,0.6633634207333332,3.809910097250294,1.335195455586474,0.3504532709446655,4,std_bs64_mlp_width32_lr0.1_optimSGD_mseed3002_lseed3000
mnist_scan_labelRegression_timing,Sven,SVD,0.06541954291195402,0.07400264551552634,1.131200895352082,11.291799325183698,12.011144203476425,1.0637050710499607,4,svd_bs64_mlp_width32_k32_lr0.5_rtol0.001_svdtorch_mseed3004_lseed3000_gram
mnist_scan_labelRegression_timing,first:Muon,Muon,0.027650346651983758,0.026350278581376188,0.9529818527423671,4.606192169868862,2.919748750435107,0.6338747153309133,4,std_bs64_mlp_width32_lr0.001_optimMuon_mseed3002_lseed3000
mnist_scan_labelRegression_timing,second:Shampoo,Shampoo,0.6739966715805672,0.6867997983291408,1.0189958308229468,128.65015957789964,130.87871423028267,1.0173225953212566,4,std_bs64_mlp_width32_lr0.1_optimShampoo_mseed3001_lseed3000
mnist_scan_labelRegression_timing,first:Adam,Adam,0.028395382662743537,0.018715494598339624,0.6591034472268439,3.968361665535448,1.4211555249241392,0.35812147296619545,4,std_bs64_mlp_width32_lr0.001_optimAdam_mseed3001_lseed3000
mnist_scan_labelRegression_timing,first:Muon,Muon,0.027884598338083984,0.026461218173046492,0.9489546111520107,4.640414758681207,2.9676822558500127,0.6395295270316355,4,std_bs64_mlp_width32_lr0.001_optimMuon_mseed3001_lseed3000
mnist_scan_labelRegression_timing,Sven,SVD,0.0655639960530809,0.09916592130198196,1.5125057542511104,11.31879365686496,16.4939857744448,1.4572211734278797,4,svd_bs64_mlp_width32_k32_lr0.5_rtol0.001_svdtorch_mseed3002_lseed3000_gram
mnist_scan_labelRegression_timing,first:SGD,SGD,0.028837666321131918,0.017692777671650724,0.6135301475031513,3.7986094123874503,1.2735468933660625,0.33526660814690873,4,std_bs64_mlp_width32_lr0.1_optimSGD_mseed3003_lseed3000
mnist_scan_labelRegression_timing,first:RMSprop,RMSprop,0.028626378493047215,0.017890823994174652,0.6249768547746961,3.9486878369845497,1.4051944171555084,0.3558636375339808,4,std_bs64_mlp_width32_lr0.001_optimRMSprop_mseed3003_lseed3000
mnist_scan_labelRegression_timing,HIG,HIG,0.5245548547905249,2.263159267906643,4.314437750862892,99.9703571073406,420.34181604747164,4.204664544672381,4,hig_bs64_mlp_width32_lr0.05_tau0.01_mseed3002_lseed3000
mnist_scan_labelRegression_timing,first:AdamW,AdamW,0.028505527708330192,,,,,,4,std_bs64_mlp_width32_lr0.001_optimAdamW_mseed3002_lseed3000
mnist_scan_labelRegression_timing,HIG,HIG,0.5191194915300003,0.5190801805799775,0.9999242737930975,98.93364185223611,98.94676720876166,1.0001326682843148,4,hig_bs64_mlp_width32_lr0.05_tau0.01_mseed3003_lseed3000
mnist_scan_labelRegression_timing,first:PolyakSGD,PolyakSGD,0.02863227270000304,0.012202790075259852,0.42619006193170816,4.162145418691824,1.4135404154464706,0.3396182192718175,4,std_bs64_mlp_width32_optimPolyakSGD_fstar0.0_maxlr1.0_eps1e-08_mseed3004_lseed3000
mnist_scan_labelRegression_timing,second:SOAP,SOAP,0.028917035674740976,0.025601435062773008,0.8853409232792093,4.640877894041484,3.2177380572479253,0.693346847452988,4,std_bs64_mlp_width32_lr0.001_optimSOAP_mseed3002_lseed3000
mnist_scan_labelRegression_timing,first:RMSprop,RMSprop,0.028874697793896,0.019417194236367424,0.6724639812670921,3.994603993084186,1.4488021311509525,0.36268980195765277,4,std_bs64_mlp_width32_lr0.001_optimRMSprop_mseed3000_lseed3000
mnist_scan_labelRegression_timing,first:Adam,Adam,0.028322311627756183,0.017832720868334744,0.6296350772038847,3.9573105067875525,1.4524502690006762,0.36702964463097937,4,std_bs64_mlp_width32_lr0.001_optimAdam_mseed3003_lseed3000
mnist_scan_labelRegression_timing,second:SOAP,SOAP,0.02946240949612628,0.020354538278608947,0.690864685771378,4.742312219516654,2.95374273820949,0.6228486446028518,4,std_bs64_mlp_width32_lr0.001_optimSOAP_mseed3003_lseed3000
mnist_scan_labelRegression_timing,first:Adam,Adam,0.028526177726129795,0.018504318337784046,0.6486785055971312,3.9910343950609373,1.443524143945521,0.3616917322817211,4,std_bs64_mlp_width32_lr0.001_optimAdam_mseed3002_lseed3000
mnist_scan_labelRegression_timing,first:SGD,SGD,0.028634102695246435,0.01746525727306208,0.6099460304010679,3.7809095680783154,1.1356859909135228,0.3003737514649805,4,std_bs64_mlp_width32_lr0.1_optimSGD_mseed3001_lseed3000
mnist_scan_labelRegression_timing,JD,JD_UPGrad,0.2347322125630712,0.24078732561391208,1.0257958334083095,44.40380552934278,45.2591255663642,1.019262313822544,4,jd_bs64_mlp_width32_lr0.001_aggUPGrad_innerAdam_mseed3001_lseed3000
mnist_scan_labelRegression_timing,HIG,HIG,0.5019807341866868,2.1182678736383482,4.219819067499439,95.65095356552611,392.892958749873,4.10756970112922,4,hig_bs64_mlp_width32_lr0.05_tau0.01_mseed3000_lseed3000
mnist_scan_labelRegression_timing,first:PolyakSGD,PolyakSGD,0.028570493496113663,0.023415054434703455,0.8195537272707073,4.1494313348978284,1.912994592132589,0.46102572563227934,4,std_bs64_mlp_width32_optimPolyakSGD_fstar0.0_maxlr1.0_eps1e-08_mseed3002_lseed3000
mnist_scan_labelRegression_timing,HIG,HIG,0.5149587999949775,0.5146735626841352,0.9994460968317367,98.15897853318492,98.0537516701751,0.9989279955376242,4,hig_bs64_mlp_width32_lr0.05_tau0.01_mseed3004_lseed3000
mnist_scan_labelRegression_timing,second:Shampoo,Shampoo,0.671281859266908,0.6850603767249979,1.0205256812289507,128.13480632727905,130.56314305525459,1.0189514215347009,4,std_bs64_mlp_width32_lr0.1_optimShampoo_mseed3003_lseed3000
mnist_scan_labelRegression_timing,first:SGD,SGD,0.02864882570723744,0.018381189761663943,0.6416036018195459,3.7881026898241683,1.2639113072579455,0.3336528628574777,4,std_bs64_mlp_width32_lr0.1_optimSGD_mseed3000_lseed3000
mnist_scan_labelRegression_timing,second:SOAP,SOAP,0.028840233495834075,0.020308640555853748,0.7041773971347111,4.62535582767027,2.9426799091855003,0.6362061685247011,4,std_bs64_mlp_width32_lr0.001_optimSOAP_mseed3004_lseed3000
mnist_scan_labelRegression_timing,first:SGD,SGD,0.02861165085387054,0.01878330453137298,0.6564914631212901,3.7647024020557596,1.2727431932661328,0.3380727232439772,4,std_bs64_mlp_width32_lr0.1_optimSGD_mseed3004_lseed3000
mnist_scan_labelRegression_timing,first:RMSprop,RMSprop,0.02891762115222971,0.018853529888341047,0.6519737494689233,3.994967175490245,1.4641809902937788,0.366506388156769,4,std_bs64_mlp_width32_lr0.001_optimRMSprop_mseed3001_lseed3000
mnist_scan_labelRegression_timing,second:Shampoo,Shampoo,0.6648587864530661,0.6903559145766647,1.0383496896530802,126.95765078154905,131.5517679959134,1.0361862178929984,4,std_bs64_mlp_width32_lr0.1_optimShampoo_mseed3002_lseed3000
mnist_scan_labelRegression_timing,LBFGS,LBFGS,0.08514098550083064,0.12662989525247315,1.4872965647224947,14.872286482036476,22.237420900995886,1.4952254266924865,4,std_bs64_mlp_width32_lr0.5_optimLBFGS_mi3_hs2_lsstrong_wolfe_mseed3000_lseed3000
mnist_scan_labelRegression_timing,first:Muon,Muon,0.02701812512467667,0.02648597336833417,0.9803038977024922,4.501476948984019,2.943209443433232,0.6538319482225746,4,std_bs64_mlp_width32_lr0.001_optimMuon_mseed3004_lseed3000
mnist_scan_labelRegression_timing,LBFGS,LBFGS,0.08475508865777455,0.12500733690886084,1.4749242657702533,14.8012456219412,21.980273809188656,1.4850286503323304,4,std_bs64_mlp_width32_lr0.5_optimLBFGS_mi3_hs2_lsstrong_wolfe_mseed3002_lseed3000
mnist_scan_labelRegression_timing,first:AdamW,AdamW,0.0282208751694351,,,,,,4,std_bs64_mlp_width32_lr0.001_optimAdamW_mseed3004_lseed3000
mnist_scan_labelRegression_timing,LBFGS,LBFGS,0.0844249800725245,0.12473646155383904,1.4774828664061908,14.746622667463718,21.915678339260722,1.4861489870229394,4,std_bs64_mlp_width32_lr0.5_optimLBFGS_mi3_hs2_lsstrong_wolfe_mseed3003_lseed3000
mnist_scan_labelRegression_timing,first:Muon,Muon,0.027358754955283882,0.026490933678352223,0.9682799426234835,4.5532870039627795,2.935209091447953,0.644635202853105,4,std_bs64_mlp_width32_lr0.001_optimMuon_mseed3003_lseed3000
mnist_scan_labelRegression_timing,Sven,SVD,0.0658369286544621,0.09924161416640143,1.5073852349227916,11.360251856558243,16.58474045897723,1.4598919696840085,4,svd_bs64_mlp_width32_k32_lr0.5_rtol0.001_svdtorch_mseed3000_lseed3000_gram
mnist_scan_labelRegression_timing,second:SOAP,SOAP,0.028821429873609708,0.028267361810818934,0.9807758301645504,4.622591011733043,3.306444092821985,0.7152793929702155,4,std_bs64_mlp_width32_lr0.001_optimSOAP_mseed3001_lseed3000
mnist_scan_labelRegression_timing,first:Adam,Adam,0.02845097618190468,0.01809862638138131,0.6361337574382546,3.981655168591309,1.386848452488836,0.34830953303761275,4,std_bs64_mlp_width32_lr0.001_optimAdam_mseed3000_lseed3000
mnist_scan_labelRegression_timing,second:Shampoo,Shampoo,0.6740218028513482,0.6879882226483379,1.0207210208006727,128.71303223993138,131.13497299417583,1.0188165930993665,4,std_bs64_mlp_width32_lr0.1_optimShampoo_mseed3004_lseed3000
mnist_scan_labelRegression_timing,first:PolyakSGD,PolyakSGD,0.028747146958097193,0.022826518894710008,0.794044672606388,4.185419173368604,1.78721211799758,0.42700911043018785,4,std_bs64_mlp_width32_optimPolyakSGD_fstar0.0_maxlr1.0_eps1e-08_mseed3001_lseed3000
mnist_scan_labelRegression_timing,first:Adam,Adam,0.028273554886949975,0.018332210046937688,0.6483871632073813,3.949542573778761,1.3992747370484295,0.35428779685482936,4,std_bs64_mlp_width32_lr0.001_optimAdam_mseed3004_lseed3000
mnist_scan_labelRegression_timing,Sven,SVD,0.06551359875612738,0.0908964573741994,1.3874441199995597,11.29877716928387,15.025909425358652,1.3298704098888794,4,svd_bs64_mlp_width32_k32_lr0.5_rtol0.001_svdtorch_mseed3003_lseed3000_gram
mnist_scan_labelRegression_timing,LBFGS,LBFGS,0.08516939279526317,0.12660665877331564,1.4865276670183925,14.88061128988433,22.271941666953516,1.4967087865599802,4,std_bs64_mlp_width32_lr0.5_optimLBFGS_mi3_hs2_lsstrong_wolfe_mseed3001_lseed3000
mnist_scan_labelRegression_timing,Sven,SVD,0.06552028470750278,0.09111605415864485,1.3906541243739603,11.314652674644787,15.041386802953337,1.3293723842411755,4,svd_bs64_mlp_width32_k32_lr0.5_rtol0.001_svdtorch_mseed3001_lseed3000_gram
mnist_scan_labelRegression_timing,JD,JD_UPGrad,0.23429461032171578,0.2345857460147171,1.001242605165358,44.309410962736855,44.32232500237501,1.0002914513950325,4,jd_bs64_mlp_width32_lr0.001_aggUPGrad_innerAdam_mseed3004_lseed3000
mnist_scan_labelRegression_timing,first:PolyakSGD,PolyakSGD,0.02872804966975107,0.022183394124731422,0.7721858733796753,4.18428938182047,1.957086774068567,0.46772261559430955,4,std_bs64_mlp_width32_optimPolyakSGD_fstar0.0_maxlr1.0_eps1e-08_mseed3000_lseed3000
mnist_scan_labelRegression_timing,first:PolyakSGD,PolyakSGD,0.0284135431036379,0.023048749436113413,0.8111888528665188,4.126558584302091,1.9086846544941976,0.46253666717711356,4,std_bs64_mlp_width32_optimPolyakSGD_fstar0.0_maxlr1.0_eps1e-08_mseed3003_lseed3000
mnist_scan_labelRegression_timing,first:AdamW,AdamW,0.02880388509029419,,,,,,4,std_bs64_mlp_width32_lr0.001_optimAdamW_mseed3000_lseed3000
mnist_scan_labelRegression_timing,first:AdamW,AdamW,0.028381315048577056,,,,,,4,std_bs64_mlp_width32_lr0.001_optimAdamW_mseed3001_lseed3000
mnist_scan_labelRegression_timing,HIG,HIG,0.49097128157141723,2.0985872940616295,4.274358547703297,93.5478377395244,388.70008995087306,4.1550943276013905,4,hig_bs64_mlp_width32_lr0.05_tau0.01_mseed3001_lseed3000
mnist_scan_labelRegression_timing,LBFGS,LBFGS,0.08481575073693724,0.12388985367530646,1.4606939465708513,14.816642679715418,21.76931501086454,1.4692474861844116,4,std_bs64_mlp_width32_lr0.5_optimLBFGS_mi3_hs2_lsstrong_wolfe_mseed3004_lseed3000
mnist_scan_labelRegression_timing,first:RMSprop,RMSprop,0.028707155022485595,0.01865686179943926,0.6499028477334591,3.956924807535969,1.4219608051634864,0.3593600774155121,4,std_bs64_mlp_width32_lr0.001_optimRMSprop_mseed3004_lseed3000
mnist_scan_labelRegression_timing,first:RMSprop,RMSprop,0.02856980976777979,0.018715640192224076,0.6550845225903827,3.9435885744099854,1.417190456463308,0.3593656969338742,4,std_bs64_mlp_width32_lr0.001_optimRMSprop_mseed3002_lseed3000
mnist_scan_labelRegression_timing,second:Shampoo,Shampoo,0.6708493636927516,0.6843982358938795,1.0201965939515047,128.08730796892704,130.4400675723129,1.018368405431369,4,std_bs64_mlp_width32_lr0.1_optimShampoo_mseed3000_lseed3000
mnist_scan_labelRegression_timing,first:Muon,Muon,0.0284162144919133,0.026259426388068177,0.9241000906556747,4.747043708974777,2.933068957657857,0.6178727514374023,4,std_bs64_mlp_width32_lr0.001_optimMuon_mseed3000_lseed3000
mnist_scan_labelRegression_timing,JD,JD_UPGrad,0.2279405502805538,0.23023205855085205,1.0100530961580896,43.11205537980799,43.433808820337795,1.0074631895346957,4,jd_bs64_mlp_width32_lr0.001_aggUPGrad_innerAdam_mseed3003_lseed3000
mnist_scan_labelRegression_timing,first:AdamW,AdamW,0.028431940379151557,,,,,,4,std_bs64_mlp_width32_lr0.001_optimAdamW_mseed3003_lseed3000
mnist_scan_labelRegression_timing,second:SOAP,SOAP,0.030418297944448162,0.0351258238636203,1.1547596755008884,4.92085870762449,3.6103950273471455,0.7336920732458987,4,std_bs64_mlp_width32_lr0.001_optimSOAP_mseed3000_lseed3000
mnist_scan_labelRegression_timing,JD,JD_UPGrad,0.2371928471092057,0.24013241832390325,1.0123931697372988,44.8869718871549,45.31308351952616,1.0094929912724453,4,jd_bs64_mlp_width32_lr0.001_aggUPGrad_innerAdam_mseed3002_lseed3000
mnist_scan_labelRegression_timing,JD,JD_UPGrad,0.22836091380469345,0.2325530659633417,1.018357573057505,43.18638961380675,43.68475369578138,1.0115398412886847,4,jd_bs64_mlp_width32_lr0.001_aggUPGrad_innerAdam_mseed3000_lseed3000
exp_nanogpt_speedrun_timing,Sven,SVD,0.14590198747251026,0.1617410941363778,1.1085599102400974,83.66155061840526,92.31426199678545,1.1034251853380854,2,svd_bs64_k64_lr0.1_rtol0.001_svdtorch_mseed5001_lseed5000_gram
exp_nanogpt_speedrun_timing,first:AdamW,AdamW,0.0429025893266468,,,,,,2,std_bs64_lr0.0003_optimAdamW_mseed5001_lseed5000
exp_nanogpt_speedrun_timing,second:SOAP,SOAP,0.07101557420198029,0.07194174761308306,1.0130418351398325,40.30606294459686,39.1121139109695,0.9703779296115197,2,std_bs64_lr0.0001_optimSOAP_mseed5001_lseed5000
exp_nanogpt_speedrun_timing,first:Muon,Muon,0.05539613482665219,0.05712176550192655,1.031150741485381,31.49381124482649,31.786443159529345,1.00929172758508,2,std_bs64_lr0.0003_optimMuon_mseed5001_lseed5000
exp_nanogpt_speedrun_timing,first:Muon,Muon,0.05456805357554306,0.05748587869832085,1.0534713065903734,31.017747148265684,32.034941040153605,1.0327939320359312,2,std_bs64_lr0.0003_optimMuon_mseed5002_lseed5000
exp_nanogpt_speedrun_timing,first:Muon,Muon,0.05592569288888222,0.05774795430220871,1.032583617997315,31.796540287815457,32.15439747110373,1.0112545949983558,2,std_bs64_lr0.0003_optimMuon_mseed5000_lseed5000
exp_nanogpt_speedrun_timing,Sven,SVD,0.14471347843245086,0.1619379460247324,1.1190246256178658,82.97745132224438,92.44673874361698,1.1141188030058726,2,svd_bs64_k64_lr0.1_rtol0.001_svdtorch_mseed5002_lseed5000_gram
exp_nanogpt_speedrun_timing,Sven,SVD,0.14634972258386875,0.13783125271500063,0.9417937409209203,84.02639126988143,78.60460453019364,0.9354751922848412,2,svd_bs64_k64_lr0.1_rtol0.001_svdtorch_mseed5000_lseed5000_gram
exp_nanogpt_speedrun_timing,first:AdamW,AdamW,0.04281858090550587,,,,,,2,std_bs64_lr0.0003_optimAdamW_mseed5002_lseed5000
exp_nanogpt_speedrun_timing,second:SOAP,SOAP,0.07208066706810819,0.07308197252581723,1.0138914565921389,40.962369589445494,39.73342227912319,0.9699981392033785,2,std_bs64_lr0.0001_optimSOAP_mseed5000_lseed5000
exp_nanogpt_speedrun_timing,first:AdamW,AdamW,0.04296531425109909,,,,,,2,std_bs64_lr0.0003_optimAdamW_mseed5000_lseed5000
exp_nanogpt_speedrun_timing,second:SOAP,SOAP,0.07063991727003466,0.07204869369439419,1.0199430644712424,40.063642698143255,39.199591664203666,0.9784330386417999,2,std_bs64_lr0.0001_optimSOAP_mseed5002_lseed5000
